index#title#author#link
1#Time Series-based Driving Event Recognition for Two Wheelers Design, Automation and Test in Europe#Sai Usha Goparaju, Lakshmanan L, Abhinav Navnit, Rahul Biju, Lovish Bajaj, Deepak Gangadharan and Aftab Hussain#https://date23.date-conference.com/programme
2#Global Edge Bandwidth Cost Gradient-based Heuristic for Fast Data Delivery to Connected Vehicles under Vehie Overlaps, 95th IEEE Vehicular Technology Conference,2022#Akshaj Gupta, Joseph John Cherukara, Deepak Gangadharan, BaekGyu Kim, Oleg Sokolsky and Insup Lee#https://ieeexplore.ieee.org/document/9860915
3#E-PODS: A Fast Heuristic for Data/Service Delivery in Vehicular Edge Computing, 93rd IEEE Vehicular Technology Conference,2021#Akshaj Gupta, Joseph John Cherukara, Deepak Gangadharan, BaekGyu Kim, Oleg Sokolsky and Insup Lee#https://www.researchgate.net/publication/352420013_E-PODS_A_Fast_Heuristic_for_DataService_Delivery_in_Vehicular_Edge_Computing
4#An FPGA Overlay for CNN Inference with Fine-grained Flexible Parallelism, ACM,2022#Ziaul Choudhury, Shashwat Shrivastava, Lavanya Ramapantulu, and Suresh Purini#https://dl.acm.org/doi/10.1145/3519598
5#Finding good optimization sequences covering program space, ACM,2013#Suresh Purini and Lakshya Jain#https://dl.acm.org/doi/10.1145/2967938.29679696
6#A DSL Compiler for Accelerating Image Processing Pipelines on FPGAs. In Proceedings of the 2016 International Conference on Parallel Architectures and Compilation (PACT '16), Association for Computing Machinery, New York, NY, USA, 2016 #Nitin Chugh, Vinay Vasista, Suresh Purini, and Uday Bondhugula#https://dl.acm.org/doi/pdf/10.1145/2400682.2400715
7#Bitwidth customization in image processing pipelines using interval analysis and SMT solvers. In Proceedings of the 29th International Conference on Compiler Construction. Association for Computing Machinery, New York, NY, USA,2020#Suresh Purini, Vinamra Benara, Ziaul Choudhury, and Uday Bondhugula#https://dl.acm.org/doi/abs/10.1145/3377555.3377899
